cpra,chrom,pos,ref,alt,build,biallelic,on_array,on_imputed,array_maf,imputed_maf,dosage_r2,annotation,inaccurate_annotation,multiallelic_variant
10:119669928:C:G,10,119669928,C,G,GRCh38,TRUE,TRUE,TRUE,0.013,0.014,0.71,pathogenic_BAG3_dilated_cardiomyopathy,FALSE,FALSE
10:119669928:C:T,10,119669928,C,T,GRCh38,FALSE,FALSE,FALSE,NA,NA,NA,wrong_alt_not_in_resource,FALSE,FALSE
22:28695868:AG:A,22,28695868,AG,A,GRCh38,TRUE,FALSE,TRUE,NA,0.004,0.18,CHEK2_c1100delC_array_absent_low_DR2_demo,FALSE,FALSE
22:28725099:A:G,22,28725099,A,G,GRCh38,TRUE,TRUE,TRUE,0.025,0.026,0.92,CHEK2_I157T_array_direct_demo,FALSE,FALSE
17:43044295:G:A,17,43044295,G,A,GRCh38,TRUE,TRUE,TRUE,0.018,0.018,0.95,BRCA1_demo_panel_variant,FALSE,FALSE
13:32316461:C:T,13,32316461,C,T,GRCh38,TRUE,TRUE,TRUE,0.016,0.016,0.93,BRCA2_demo_panel_variant,FALSE,FALSE
16:23614412:G:A,16,23614412,G,A,GRCh38,TRUE,TRUE,TRUE,0.020,0.020,0.94,PALB2_demo_panel_variant,FALSE,FALSE
11:108236123:C:T,11,108236123,C,T,GRCh38,TRUE,TRUE,TRUE,0.022,0.022,0.91,ATM_demo_panel_variant,FALSE,FALSE
10:121000000:A:T,10,121000000,A,T,GRCh38,TRUE,TRUE,TRUE,0.020,0.021,0.88,illustrative_second_variant,FALSE,FALSE
